gbif_id,scientific_name,decimal_latitude,decimal_longitude,year,basis_of_record,country_code,coordinate_uncertainty_m
5938104699,"Panthera leo melanochaita (C.E.H.Smith, 1858)",-24.907649,31.462346,2026,HUMAN_OBSERVATION,ZA,30025.0
5938252120,"Panthera leo melanochaita (C.E.H.Smith, 1858)",-32.35723,25.563539,2026,HUMAN_OBSERVATION,ZA,29120.0
5938302574,"Panthera leo melanochaita (C.E.H.Smith, 1858)",-3.196291,35.612309,2026,HUMAN_OBSERVATION,TZ,31428.0
5938306747,"Panthera leo melanochaita (C.E.H.Smith, 1858)",-24.981695,31.437652,2026,HUMAN_OBSERVATION,ZA,30025.0
5938326058,"Panthera leo melanochaita (C.E.H.Smith, 1858)",-3.821211,36.081052,2026,HUMAN_OBSERVATION,TZ,31415.0
5938341495,"Panthera leo melanochaita (C.E.H.Smith, 1858)",-3.087878,35.764644,2026,HUMAN_OBSERVATION,TZ,31428.0
5938346854,"Panthera leo melanochaita (C.E.H.Smith, 1858)",-24.802694,31.581901,2026,HUMAN_OBSERVATION,ZA,30025.0
5938378320,"Panthera leo melanochaita (C.E.H.Smith, 1858)",-24.615243,31.960007,2026,HUMAN_OBSERVATION,ZA,30047.0
5938557641,"Panthera leo melanochaita (C.E.H.Smith, 1858)",-24.693746,31.548705,2026,HUMAN_OBSERVATION,ZA,30047.0
5938580667,"Panthera leo melanochaita (C.E.H.Smith, 1858)",-3.136021,35.731679,2026,HUMAN_OBSERVATION,TZ,31428.0
5938581416,"Panthera leo melanochaita (C.E.H.Smith, 1858)",-24.828866,31.573804,2026,HUMAN_OBSERVATION,ZA,30025.0
6129864876,"Panthera leo melanochaita (C.E.H.Smith, 1858)",-1.248705,35.158216,2026,HUMAN_OBSERVATION,KE,31447.0
6129907517,"Panthera leo melanochaita (C.E.H.Smith, 1858)",-1.481778,35.245475,2026,HUMAN_OBSERVATION,KE,31446.0
6129919685,"Panthera leo melanochaita (C.E.H.Smith, 1858)",-1.378343,35.130048,2026,HUMAN_OBSERVATION,KE,31447.0
6129950835,"Panthera leo melanochaita (C.E.H.Smith, 1858)",-24.344372,31.700056,2026,HUMAN_OBSERVATION,ZA,30090.0
6129999801,"Panthera leo melanochaita (C.E.H.Smith, 1858)",-1.253741,35.006436,2026,HUMAN_OBSERVATION,KE,31447.0
6130007191,"Panthera leo melanochaita (C.E.H.Smith, 1858)",-1.221783,35.088302,2026,HUMAN_OBSERVATION,KE,31447.0
6130028443,"Panthera leo melanochaita (C.E.H.Smith, 1858)",-1.471521,36.832878,2026,HUMAN_OBSERVATION,KE,31446.0
6130109677,"Panthera leo melanochaita (C.E.H.Smith, 1858)",-1.214066,35.119238,2026,HUMAN_OBSERVATION,KE,31447.0
6130121570,"Panthera leo melanochaita (C.E.H.Smith, 1858)",-2.563292,34.99105,2026,HUMAN_OBSERVATION,TZ,31436.0
6130125990,"Panthera leo melanochaita (C.E.H.Smith, 1858)",-25.031039,31.519709,2026,HUMAN_OBSERVATION,ZA,30003.0
6130126486,"Panthera leo melanochaita (C.E.H.Smith, 1858)",-24.738806,30.389014,2026,HUMAN_OBSERVATION,ZA,52682.0
6130151433,"Panthera leo melanochaita (C.E.H.Smith, 1858)",-24.713502,31.510866,2026,HUMAN_OBSERVATION,ZA,30047.0
6130177679,"Panthera leo melanochaita (C.E.H.Smith, 1858)",0.324583,37.04466,2026,HUMAN_OBSERVATION,KE,31451.0
6130185390,"Panthera leo melanochaita (C.E.H.Smith, 1858)",0.401068,36.966255,2026,HUMAN_OBSERVATION,KE,31451.0
6130242005,"Panthera leo melanochaita (C.E.H.Smith, 1858)",-2.457552,34.849078,2026,HUMAN_OBSERVATION,TZ,31436.0
6130244110,"Panthera leo melanochaita (C.E.H.Smith, 1858)",0.254497,37.340746,2026,HUMAN_OBSERVATION,KE,31451.0
6130263247,"Panthera leo melanochaita (C.E.H.Smith, 1858)",-1.545976,35.325403,2026,HUMAN_OBSERVATION,KE,31446.0
6130282735,"Panthera leo melanochaita (C.E.H.Smith, 1858)",-3.128462,35.420139,2026,HUMAN_OBSERVATION,TZ,31428.0
6130308555,"Panthera leo melanochaita (C.E.H.Smith, 1858)",-28.527422,23.362092,2026,HUMAN_OBSERVATION,ZA,1066753.0
6130358070,"Panthera leo melanochaita (C.E.H.Smith, 1858)",-8.444769,37.008277,2026,HUMAN_OBSERVATION,TZ,41574.0
6130361747,"Panthera leo melanochaita (C.E.H.Smith, 1858)",-2.622462,35.083024,2026,HUMAN_OBSERVATION,TZ,31434.0
6130441641,"Panthera leo melanochaita (C.E.H.Smith, 1858)",-24.255188,31.750039,2026,HUMAN_OBSERVATION,ZA,30090.0
6130449965,"Panthera leo melanochaita (C.E.H.Smith, 1858)",-3.216021,35.405305,2026,HUMAN_OBSERVATION,TZ,31425.0
6130506205,"Panthera leo melanochaita (C.E.H.Smith, 1858)",-25.20864,31.99398,2026,HUMAN_OBSERVATION,ZA,29981.0
6130519171,"Panthera leo melanochaita (C.E.H.Smith, 1858)",-2.945203,35.026108,2026,HUMAN_OBSERVATION,TZ,31431.0
6130625909,"Panthera leo melanochaita (C.E.H.Smith, 1858)",-2.489479,34.698442,2026,HUMAN_OBSERVATION,TZ,31436.0
6130647434,"Panthera leo melanochaita (C.E.H.Smith, 1858)",-24.93659,31.826181,2026,HUMAN_OBSERVATION,ZA,30025.0
6130654562,"Panthera leo melanochaita (C.E.H.Smith, 1858)",-3.357217,35.54999,2026,HUMAN_OBSERVATION,TZ,31425.0
6130696803,"Panthera leo melanochaita (C.E.H.Smith, 1858)",-2.841347,35.030304,2026,HUMAN_OBSERVATION,TZ,31431.0
6130700284,"Panthera leo melanochaita (C.E.H.Smith, 1858)",-1.514411,35.271659,2026,HUMAN_OBSERVATION,KE,31446.0
6130705126,"Panthera leo melanochaita (C.E.H.Smith, 1858)",-3.047646,34.931206,2026,HUMAN_OBSERVATION,TZ,31428.0
6130796466,"Panthera leo melanochaita (C.E.H.Smith, 1858)",-28.566337,23.807529,2026,HUMAN_OBSERVATION,ZA,1243183.0
6130855673,"Panthera leo melanochaita (C.E.H.Smith, 1858)",-3.06558,35.565176,2026,HUMAN_OBSERVATION,TZ,31428.0
6130886228,"Panthera leo melanochaita (C.E.H.Smith, 1858)",-3.070362,35.580942,2026,HUMAN_OBSERVATION,TZ,31428.0
6130886540,"Panthera leo melanochaita (C.E.H.Smith, 1858)",-4.044599,36.18199,2026,HUMAN_OBSERVATION,TZ,47053.0
6130892095,"Panthera leo melanochaita (C.E.H.Smith, 1858)",-32.239437,24.975916,2026,HUMAN_OBSERVATION,ZA,29120.0
6130912445,"Panthera leo melanochaita (C.E.H.Smith, 1858)",-4.059048,36.182145,2026,HUMAN_OBSERVATION,TZ,47053.0
6130937258,"Panthera leo melanochaita (C.E.H.Smith, 1858)",-3.149017,35.545132,2026,HUMAN_OBSERVATION,TZ,31428.0
6130983679,"Panthera leo melanochaita (C.E.H.Smith, 1858)",-1.633982,30.660267,2026,HUMAN_OBSERVATION,RW,31444.0
6130983774,"Panthera leo melanochaita (C.E.H.Smith, 1858)",-3.575716,35.782413,2026,HUMAN_OBSERVATION,TZ,31422.0
6131004595,"Panthera leo melanochaita (C.E.H.Smith, 1858)",-24.074809,31.768415,2026,HUMAN_OBSERVATION,ZA,30112.0
6131014710,"Panthera leo melanochaita (C.E.H.Smith, 1858)",-26.059414,20.849102,2026,HUMAN_OBSERVATION,BW,29891.0
6131059098,"Panthera leo melanochaita (C.E.H.Smith, 1858)",-1.561252,36.882364,2026,HUMAN_OBSERVATION,KE,31446.0
6131076772,"Panthera leo melanochaita (C.E.H.Smith, 1858)",-19.177105,16.153626,2026,HUMAN_OBSERVATION,NA,30598.0
6131082339,"Panthera leo melanochaita (C.E.H.Smith, 1858)",-25.825163,27.811284,2026,HUMAN_OBSERVATION,ZA,29913.0
6131225754,"Panthera leo melanochaita (C.E.H.Smith, 1858)",-25.25953,31.829469,2026,HUMAN_OBSERVATION,ZA,29981.0
6131266554,"Panthera leo melanochaita (C.E.H.Smith, 1858)",-3.03489,35.458963,2026,HUMAN_OBSERVATION,TZ,31428.0
6131268374,"Panthera leo melanochaita (C.E.H.Smith, 1858)",-1.54773,35.067582,2026,HUMAN_OBSERVATION,KE,31446.0
6131287376,"Panthera leo melanochaita (C.E.H.Smith, 1858)",-25.917225,27.946845,2026,HUMAN_OBSERVATION,ZA,29913.0
6131308604,"Panthera leo melanochaita (C.E.H.Smith, 1858)",-1.249457,35.103484,2026,HUMAN_OBSERVATION,KE,31447.0
6131358382,"Panthera leo melanochaita (C.E.H.Smith, 1858)",-24.343525,31.73293,2026,HUMAN_OBSERVATION,ZA,30090.0
6131363898,"Panthera leo melanochaita (C.E.H.Smith, 1858)",-1.296944,35.095575,2026,HUMAN_OBSERVATION,KE,31447.0
6131375899,"Panthera leo leo (Linnaeus, 1758)",5.44266,32.710694,2026,HUMAN_OBSERVATION,SS,31379.0
6131412800,"Panthera leo melanochaita (C.E.H.Smith, 1858)",-2.411643,34.757327,2026,HUMAN_OBSERVATION,TZ,31436.0
6131451651,"Panthera leo melanochaita (C.E.H.Smith, 1858)",-25.285014,20.591144,2026,HUMAN_OBSERVATION,BW,29981.0
6131460516,"Panthera leo melanochaita (C.E.H.Smith, 1858)",-26.419588,20.621611,2026,HUMAN_OBSERVATION,BW,29845.0
6131470653,"Panthera leo melanochaita (C.E.H.Smith, 1858)",-24.065825,30.897729,2026,HUMAN_OBSERVATION,ZA,30112.0
6131533547,"Panthera leo melanochaita (C.E.H.Smith, 1858)",-26.352578,20.645612,2026,HUMAN_OBSERVATION,ZA,29868.0
6131570794,"Panthera leo melanochaita (C.E.H.Smith, 1858)",-1.260574,36.823036,2026,HUMAN_OBSERVATION,KE,31447.0
6131600583,"Panthera leo melanochaita (C.E.H.Smith, 1858)",-19.395097,16.126608,2026,HUMAN_OBSERVATION,NA,30580.0
6131694791,"Panthera leo melanochaita (C.E.H.Smith, 1858)",-3.220424,35.40856,2026,HUMAN_OBSERVATION,TZ,31425.0
6133024499,"Panthera leo melanochaita (C.E.H.Smith, 1858)",-2.439648,34.87159,2026,HUMAN_OBSERVATION,TZ,31436.0
6133069787,"Panthera leo (Linnaeus, 1758)",-25.925025,20.101487,2026,HUMAN_OBSERVATION,ZA,29913.0
6133135435,"Panthera leo melanochaita (C.E.H.Smith, 1858)",-3.09422,35.025566,2026,HUMAN_OBSERVATION,TZ,31428.0
6133234270,"Panthera leo melanochaita (C.E.H.Smith, 1858)",-7.602124,38.192488,2026,HUMAN_OBSERVATION,TZ,31310.0
6133293458,"Panthera leo melanochaita (C.E.H.Smith, 1858)",-25.230227,27.03218,2026,HUMAN_OBSERVATION,ZA,29981.0
6133293613,"Panthera leo melanochaita (C.E.H.Smith, 1858)",-2.532594,34.834932,2026,HUMAN_OBSERVATION,TZ,31436.0
6133339994,"Panthera leo melanochaita (C.E.H.Smith, 1858)",-7.313495,37.127436,2026,HUMAN_OBSERVATION,TZ,31324.0
6133457260,"Panthera leo melanochaita (C.E.H.Smith, 1858)",-25.096532,31.829698,2026,HUMAN_OBSERVATION,ZA,30003.0
6133527516,"Panthera leo melanochaita (C.E.H.Smith, 1858)",-3.624778,36.07997,2026,HUMAN_OBSERVATION,TZ,31418.0
6133598733,"Panthera leo melanochaita (C.E.H.Smith, 1858)",-27.609777,32.073665,2026,HUMAN_OBSERVATION,ZA,29704.0
6147171012,"Panthera leo melanochaita (C.E.H.Smith, 1858)",-25.465342,31.536192,2026,HUMAN_OBSERVATION,ZA,29958.0
6147186789,"Panthera leo melanochaita (C.E.H.Smith, 1858)",-3.09225,35.662042,2026,HUMAN_OBSERVATION,TZ,31428.0
6147298044,"Panthera leo melanochaita (C.E.H.Smith, 1858)",-3.161419,35.763178,2026,HUMAN_OBSERVATION,TZ,31428.0
6147302919,"Panthera leo melanochaita (C.E.H.Smith, 1858)",-33.66986,26.306491,2026,HUMAN_OBSERVATION,ZA,28930.0
6147344937,"Panthera leo melanochaita (C.E.H.Smith, 1858)",-3.393873,35.563622,2026,HUMAN_OBSERVATION,TZ,31425.0
6147367338,"Panthera leo melanochaita (C.E.H.Smith, 1858)",-0.426573,36.137185,2026,HUMAN_OBSERVATION,KE,31451.0
6147402458,"Panthera leo (Linnaeus, 1758)",-0.021397,29.985399,2026,HUMAN_OBSERVATION,UG,31451.0
6147410693,"Panthera leo melanochaita (C.E.H.Smith, 1858)",-25.597079,31.559468,2026,HUMAN_OBSERVATION,ZA,29958.0
6147434753,"Panthera leo melanochaita (C.E.H.Smith, 1858)",-3.065373,35.698597,2026,HUMAN_OBSERVATION,TZ,31428.0
6147478968,"Panthera leo melanochaita (C.E.H.Smith, 1858)",-1.416262,35.264868,2026,HUMAN_OBSERVATION,KE,31446.0
6147543358,"Panthera leo melanochaita (C.E.H.Smith, 1858)",-25.115407,31.237878,2026,HUMAN_OBSERVATION,ZA,30003.0
6147549525,"Panthera leo melanochaita (C.E.H.Smith, 1858)",-24.054792,30.960459,2026,HUMAN_OBSERVATION,ZA,30112.0
6147556974,"Panthera leo melanochaita (C.E.H.Smith, 1858)",-19.083857,23.126731,2026,HUMAN_OBSERVATION,BW,30598.0
6147573780,"Panthera leo melanochaita (C.E.H.Smith, 1858)",-23.910464,31.475101,2026,HUMAN_OBSERVATION,ZA,179321.0
6159168559,"Panthera leo melanochaita (C.E.H.Smith, 1858)",-25.189129,31.519136,2026,HUMAN_OBSERVATION,ZA,30003.0
6159194269,"Panthera leo melanochaita (C.E.H.Smith, 1858)",-2.715411,37.345698,2026,HUMAN_OBSERVATION,KE,31434.0
6159195144,"Panthera leo melanochaita (C.E.H.Smith, 1858)",-2.719257,34.804125,2026,HUMAN_OBSERVATION,TZ,31434.0
6159260720,"Panthera leo melanochaita (C.E.H.Smith, 1858)",-3.150423,35.136296,2026,HUMAN_OBSERVATION,TZ,31428.0
6159269285,"Panthera leo melanochaita (C.E.H.Smith, 1858)",-3.370259,35.505519,2026,HUMAN_OBSERVATION,TZ,31425.0
6159344289,"Panthera leo melanochaita (C.E.H.Smith, 1858)",-2.439617,34.955577,2026,HUMAN_OBSERVATION,TZ,31436.0
6159356449,"Panthera leo leo (Linnaeus, 1758)",-0.071901,29.899204,2026,HUMAN_OBSERVATION,UG,31451.0
6159359642,"Panthera leo melanochaita (C.E.H.Smith, 1858)",0.739209,36.925158,2026,HUMAN_OBSERVATION,KE,31450.0
6159432634,"Panthera leo melanochaita (C.E.H.Smith, 1858)",-1.421764,35.047405,2026,HUMAN_OBSERVATION,KE,31446.0
6159502120,"Panthera leo melanochaita (C.E.H.Smith, 1858)",-1.478203,35.059681,2026,HUMAN_OBSERVATION,KE,31446.0
6159620488,"Panthera leo melanochaita (C.E.H.Smith, 1858)",-25.117016,31.470881,2026,HUMAN_OBSERVATION,ZA,30003.0
6162873062,"Panthera leo melanochaita (C.E.H.Smith, 1858)",0.603551,36.959834,2026,HUMAN_OBSERVATION,KE,31450.0
6162925671,"Panthera leo melanochaita (C.E.H.Smith, 1858)",-25.283809,31.849899,2026,HUMAN_OBSERVATION,ZA,29981.0
6162930218,"Panthera leo melanochaita (C.E.H.Smith, 1858)",-3.166868,35.577987,2026,HUMAN_OBSERVATION,TZ,31428.0
6162932646,"Panthera leo melanochaita (C.E.H.Smith, 1858)",-3.089986,35.48614,2026,HUMAN_OBSERVATION,TZ,31428.0
6162951574,"Panthera leo melanochaita (C.E.H.Smith, 1858)",-25.106387,31.810306,2026,HUMAN_OBSERVATION,ZA,30003.0
6162954014,"Panthera leo melanochaita (C.E.H.Smith, 1858)",-3.129454,35.518082,2026,HUMAN_OBSERVATION,TZ,31428.0
6162982071,"Panthera leo melanochaita (C.E.H.Smith, 1858)",0.659641,36.944381,2026,HUMAN_OBSERVATION,KE,31450.0
6162992905,"Panthera leo melanochaita (C.E.H.Smith, 1858)",-3.104294,35.469005,2026,HUMAN_OBSERVATION,TZ,31428.0
6162998399,"Panthera leo melanochaita (C.E.H.Smith, 1858)",-3.113765,35.523577,2026,HUMAN_OBSERVATION,TZ,31428.0
6163036636,"Panthera leo melanochaita (C.E.H.Smith, 1858)",0.682706,36.822118,2026,HUMAN_OBSERVATION,KE,31450.0
6163211473,"Panthera leo melanochaita (C.E.H.Smith, 1858)",-3.00489,35.451579,2026,HUMAN_OBSERVATION,TZ,31428.0
6163274285,"Panthera leo melanochaita (C.E.H.Smith, 1858)",-25.3762,31.923985,2026,HUMAN_OBSERVATION,ZA,29981.0
6163303559,"Panthera leo melanochaita (C.E.H.Smith, 1858)",-25.100368,31.929705,2026,HUMAN_OBSERVATION,ZA,30003.0
6163352073,"Panthera leo melanochaita (C.E.H.Smith, 1858)",-25.275102,31.967983,2026,HUMAN_OBSERVATION,ZA,29981.0
6163352280,"Panthera leo melanochaita (C.E.H.Smith, 1858)",0.791248,36.910945,2026,HUMAN_OBSERVATION,KE,31450.0
6170938741,"Panthera leo (Linnaeus, 1758)",-0.263361,29.94267,2026,HUMAN_OBSERVATION,UG,31451.0
6170985794,"Panthera leo (Linnaeus, 1758)",-0.278705,29.958612,2026,HUMAN_OBSERVATION,UG,31451.0
6170991736,"Panthera leo (Linnaeus, 1758)",-0.390879,29.864724,2026,HUMAN_OBSERVATION,UG,31451.0
6171232499,"Panthera leo melanochaita (C.E.H.Smith, 1858)",-14.988109,35.325362,2026,HUMAN_OBSERVATION,MW,30927.0
6171235192,"Panthera leo (Linnaeus, 1758)",-0.371442,29.844507,2026,HUMAN_OBSERVATION,UG,31451.0
6171253777,"Panthera leo (Linnaeus, 1758)",-0.236504,29.845894,2026,HUMAN_OBSERVATION,UG,31451.0
6171270220,"Panthera leo (Linnaeus, 1758)",-0.312066,29.806676,2026,HUMAN_OBSERVATION,UG,31451.0
6178307572,"Panthera leo (Linnaeus, 1758)",-1.578153,35.122727,2026,HUMAN_OBSERVATION,KE,31446.0
6178406864,"Panthera leo melanochaita (C.E.H.Smith, 1858)",0.751155,36.886836,2026,HUMAN_OBSERVATION,KE,31450.0
6178529847,"Panthera leo melanochaita (C.E.H.Smith, 1858)",-1.750239,35.242116,2026,HUMAN_OBSERVATION,KE,31444.0
6179470378,"Panthera leo (Linnaeus, 1758)",-0.340099,29.959762,2026,HUMAN_OBSERVATION,UG,31451.0
6184898976,"Panthera leo melanochaita (C.E.H.Smith, 1858)",-25.483245,20.493253,2026,HUMAN_OBSERVATION,ZA,29958.0
6185441569,"Panthera leo leo (Linnaeus, 1758)",13.12407,-13.292309,2026,HUMAN_OBSERVATION,SN,31045.0
6234269843,"Panthera leo melanochaita (C.E.H.Smith, 1858)",-26.253841,20.747942,2026,HUMAN_OBSERVATION,BW,29868.0
6234675652,"Panthera leo (Linnaeus, 1758)",-0.252139,29.97682,2026,HUMAN_OBSERVATION,UG,31451.0
6234685432,"Panthera leo (Linnaeus, 1758)",2.230596,31.78164,2026,HUMAN_OBSERVATION,UG,31438.0
6234716361,"Panthera leo (Linnaeus, 1758)",-17.844737,24.956722,2026,HUMAN_OBSERVATION,BW,30699.0
6250174333,"Panthera leo leo (Linnaeus, 1758)",14.5124,-17.08,2026,HUMAN_OBSERVATION,SN,
6251541061,"Panthera leo melanochaita (C.E.H.Smith, 1858)",-3.063174,34.978513,2026,HUMAN_OBSERVATION,TZ,31428.0
6251551683,"Panthera leo (Linnaeus, 1758)",-28.525735,29.907986,2026,HUMAN_OBSERVATION,ZA,29607.0
6252638021,"Panthera leo (Linnaeus, 1758)",-24.025711,31.651736,2026,HUMAN_OBSERVATION,ZA,30112.0
6253230624,"Panthera leo melanochaita (C.E.H.Smith, 1858)",0.699118,36.985285,2026,HUMAN_OBSERVATION,KE,31450.0
6320480105,"Panthera leo (Linnaeus, 1758)",-3.63003,36.175087,2026,HUMAN_OBSERVATION,TZ,31418.0
6352447802,"Panthera leo melanochaita (C.E.H.Smith, 1858)",-25.255458,28.39911,2026,HUMAN_OBSERVATION,ZA,29981.0
6352661340,"Panthera leo melanochaita (C.E.H.Smith, 1858)",-4.17431,36.025091,2026,HUMAN_OBSERVATION,TZ,47053.0
6352921491,"Panthera leo melanochaita (C.E.H.Smith, 1858)",-25.302323,28.378583,2026,HUMAN_OBSERVATION,ZA,29981.0
6353089904,"Panthera leo melanochaita (C.E.H.Smith, 1858)",-4.165642,36.199691,2026,HUMAN_OBSERVATION,TZ,47053.0
6133172676,"Panthera leo melanochaita (C.E.H.Smith, 1858)",0.157244,36.835911,2026,HUMAN_OBSERVATION,KE,31451.0
6133329314,"Panthera leo melanochaita (C.E.H.Smith, 1858)",-25.304632,27.130625,2026,HUMAN_OBSERVATION,ZA,29981.0
6133486209,"Panthera leo melanochaita (C.E.H.Smith, 1858)",-24.969638,31.69726,2026,HUMAN_OBSERVATION,ZA,30025.0
6147172519,"Panthera leo melanochaita (C.E.H.Smith, 1858)",-2.440116,34.987799,2026,HUMAN_OBSERVATION,TZ,31436.0
6147182561,"Panthera leo melanochaita (C.E.H.Smith, 1858)",-1.782954,30.618593,2026,HUMAN_OBSERVATION,RW,31444.0
6147279982,"Panthera leo melanochaita (C.E.H.Smith, 1858)",-25.331285,27.063241,2026,HUMAN_OBSERVATION,ZA,29981.0
6147334838,"Panthera leo melanochaita (C.E.H.Smith, 1858)",-3.266272,38.456911,2026,HUMAN_OBSERVATION,KE,31425.0
6147388411,"Panthera leo melanochaita (C.E.H.Smith, 1858)",-3.662119,38.642365,2026,HUMAN_OBSERVATION,KE,31418.0
6147471992,"Panthera leo melanochaita (C.E.H.Smith, 1858)",-19.303826,22.574641,2026,HUMAN_OBSERVATION,BW,30580.0
6147501403,"Panthera leo melanochaita (C.E.H.Smith, 1858)",-24.821405,31.693104,2026,HUMAN_OBSERVATION,ZA,30025.0
6147513658,"Panthera leo melanochaita (C.E.H.Smith, 1858)",-2.305198,34.813478,2026,HUMAN_OBSERVATION,TZ,43510.0
6147644810,"Panthera leo melanochaita (C.E.H.Smith, 1858)",-2.415793,34.880551,2026,HUMAN_OBSERVATION,TZ,31436.0
6159141522,"Panthera leo melanochaita (C.E.H.Smith, 1858)",-2.484835,34.911183,2026,HUMAN_OBSERVATION,TZ,31436.0
6159184674,"Panthera leo melanochaita (C.E.H.Smith, 1858)",-32.380099,24.940616,2026,HUMAN_OBSERVATION,ZA,29120.0
6159219949,"Panthera leo melanochaita (C.E.H.Smith, 1858)",-23.95626,28.334043,2026,HUMAN_OBSERVATION,ZA,30133.0
6159261527,"Panthera leo melanochaita (C.E.H.Smith, 1858)",-3.691028,38.763189,2026,HUMAN_OBSERVATION,KE,31418.0
6159306268,"Panthera leo melanochaita (C.E.H.Smith, 1858)",-2.086189,34.598025,2026,HUMAN_OBSERVATION,TZ,31441.0
6159344587,"Panthera leo melanochaita (C.E.H.Smith, 1858)",-22.215683,29.216679,2026,HUMAN_OBSERVATION,ZA,30298.0
6159376939,"Panthera leo melanochaita (C.E.H.Smith, 1858)",-3.737987,38.606367,2026,HUMAN_OBSERVATION,KE,31418.0
6159405188,"Panthera leo melanochaita (C.E.H.Smith, 1858)",-2.202349,34.665616,2026,HUMAN_OBSERVATION,TZ,31438.0
6159423222,"Panthera leo melanochaita (C.E.H.Smith, 1858)",-3.766407,38.619945,2026,HUMAN_OBSERVATION,KE,31418.0
6159432254,"Panthera leo melanochaita (C.E.H.Smith, 1858)",-3.394783,35.444863,2026,HUMAN_OBSERVATION,TZ,31425.0
6159459708,"Panthera leo melanochaita (C.E.H.Smith, 1858)",-25.503157,31.433573,2026,HUMAN_OBSERVATION,ZA,29958.0
6159465111,"Panthera leo melanochaita (C.E.H.Smith, 1858)",-2.610982,34.947172,2026,HUMAN_OBSERVATION,TZ,31434.0
6159508287,"Panthera leo melanochaita (C.E.H.Smith, 1858)",-3.791421,36.11885,2026,HUMAN_OBSERVATION,TZ,31418.0
6159597852,"Panthera leo melanochaita (C.E.H.Smith, 1858)",-3.684097,38.786326,2026,HUMAN_OBSERVATION,KE,31418.0
6159617402,"Panthera leo melanochaita (C.E.H.Smith, 1858)",-1.393193,36.809589,2026,HUMAN_OBSERVATION,KE,31447.0
6159704593,"Panthera leo melanochaita (C.E.H.Smith, 1858)",-2.659656,34.87821,2026,HUMAN_OBSERVATION,TZ,31434.0
6162791227,"Panthera leo melanochaita (C.E.H.Smith, 1858)",-1.343597,36.807195,2026,HUMAN_OBSERVATION,KE,31447.0
6162820934,"Panthera leo melanochaita (C.E.H.Smith, 1858)",-17.980684,25.114469,2026,HUMAN_OBSERVATION,BW,30699.0
6163089919,"Panthera leo melanochaita (C.E.H.Smith, 1858)",-7.37069,37.109814,2026,HUMAN_OBSERVATION,TZ,31324.0
6163100176,"Panthera leo melanochaita (C.E.H.Smith, 1858)",-24.533601,31.536498,2026,HUMAN_OBSERVATION,ZA,30069.0
6163163079,"Panthera leo melanochaita (C.E.H.Smith, 1858)",-1.416744,35.27344,2026,HUMAN_OBSERVATION,KE,31446.0
6163181525,"Panthera leo melanochaita (C.E.H.Smith, 1858)",-1.241143,35.109355,2026,HUMAN_OBSERVATION,KE,31447.0
6163278585,"Panthera leo melanochaita (C.E.H.Smith, 1858)",-22.203024,29.234657,2026,HUMAN_OBSERVATION,ZA,30298.0
6170815229,"Panthera leo melanochaita (C.E.H.Smith, 1858)",-24.625708,26.353597,2026,HUMAN_OBSERVATION,ZA,30047.0
6170841251,"Panthera leo (Linnaeus, 1758)",-1.691047,35.369273,2026,HUMAN_OBSERVATION,KE,31444.0
6170849286,"Panthera leo (Linnaeus, 1758)",-1.416405,35.044382,2026,HUMAN_OBSERVATION,KE,31446.0
6170873481,"Panthera leo (Linnaeus, 1758)",-1.768399,35.024667,2026,HUMAN_OBSERVATION,KE,31444.0
6170887370,"Panthera leo melanochaita (C.E.H.Smith, 1858)",-19.192392,15.977989,2026,HUMAN_OBSERVATION,NA,30598.0
6170924258,"Panthera leo melanochaita (C.E.H.Smith, 1858)",-0.532727,36.068551,2026,HUMAN_OBSERVATION,KE,31451.0
6170966513,"Panthera leo melanochaita (C.E.H.Smith, 1858)",-1.297815,36.970064,2026,HUMAN_OBSERVATION,KE,31447.0
6170979647,"Panthera leo (Linnaeus, 1758)",-2.607759,37.304142,2026,HUMAN_OBSERVATION,KE,31434.0
6170989998,"Panthera leo melanochaita (C.E.H.Smith, 1858)",-1.564594,35.379135,2026,HUMAN_OBSERVATION,KE,31446.0
6171018736,"Panthera leo melanochaita (C.E.H.Smith, 1858)",-24.682443,26.303574,2026,HUMAN_OBSERVATION,ZA,30047.0
6171124711,"Panthera leo melanochaita (C.E.H.Smith, 1858)",-25.288174,31.996202,2026,HUMAN_OBSERVATION,ZA,29981.0
6171136980,"Panthera leo melanochaita (C.E.H.Smith, 1858)",-1.425109,35.158778,2026,HUMAN_OBSERVATION,KE,31446.0
6171137073,"Panthera leo (Linnaeus, 1758)",-1.536651,35.088122,2026,HUMAN_OBSERVATION,KE,31446.0
6171177220,"Panthera leo melanochaita (C.E.H.Smith, 1858)",-1.453871,35.338619,2026,HUMAN_OBSERVATION,KE,31446.0
6171190287,"Panthera leo (Linnaeus, 1758)",-3.031752,35.590287,2026,HUMAN_OBSERVATION,TZ,31428.0
6171223363,"Panthera leo melanochaita (C.E.H.Smith, 1858)",-1.389164,35.052949,2026,HUMAN_OBSERVATION,KE,81224.0
6171245374,"Panthera leo melanochaita (C.E.H.Smith, 1858)",-25.536891,31.566066,2026,HUMAN_OBSERVATION,ZA,29958.0
6171250660,"Panthera leo melanochaita (C.E.H.Smith, 1858)",-0.551218,36.060043,2026,HUMAN_OBSERVATION,KE,31451.0
6171266242,"Panthera leo melanochaita (C.E.H.Smith, 1858)",-1.436948,35.294936,2026,HUMAN_OBSERVATION,KE,31446.0
6171289706,"Panthera leo melanochaita (C.E.H.Smith, 1858)",-1.683446,30.728735,2026,HUMAN_OBSERVATION,RW,31444.0
6171295445,"Panthera leo melanochaita (C.E.H.Smith, 1858)",-28.140782,32.057714,2026,HUMAN_OBSERVATION,ZA,30956.0
6171337750,"Panthera leo melanochaita (C.E.H.Smith, 1858)",-23.84847,31.597931,2026,HUMAN_OBSERVATION,ZA,179993.0
6171359386,"Panthera leo melanochaita (C.E.H.Smith, 1858)",-19.544575,22.490688,2026,HUMAN_OBSERVATION,BW,30562.0
6171372606,"Panthera leo (Linnaeus, 1758)",-1.727665,35.389912,2026,HUMAN_OBSERVATION,KE,31444.0
6171651769,"Panthera leo (Linnaeus, 1758)",-2.639218,37.199364,2026,HUMAN_OBSERVATION,KE,250.0
6178169775,"Panthera leo (Linnaeus, 1758)",-3.475644,38.168373,2026,HUMAN_OBSERVATION,KE,250.0
6178324874,"Panthera leo melanochaita (C.E.H.Smith, 1858)",0.522353,37.50364,2026,HUMAN_OBSERVATION,KE,31451.0
6178334333,"Panthera leo melanochaita (C.E.H.Smith, 1858)",-3.243643,35.529691,2026,HUMAN_OBSERVATION,TZ,31425.0
6178339701,"Panthera leo (Linnaeus, 1758)",0.580311,37.609919,2026,HUMAN_OBSERVATION,KE,31451.0
6178439310,"Panthera leo melanochaita (C.E.H.Smith, 1858)",-3.167244,35.474281,2026,HUMAN_OBSERVATION,TZ,31428.0
6178442485,"Panthera leo melanochaita (C.E.H.Smith, 1858)",-2.638451,34.937336,2026,HUMAN_OBSERVATION,TZ,31434.0
6178452037,"Panthera leo melanochaita (C.E.H.Smith, 1858)",-2.994544,35.061715,2026,HUMAN_OBSERVATION,TZ,31431.0
6178457289,"Panthera leo melanochaita (C.E.H.Smith, 1858)",-2.8472,34.982243,2026,HUMAN_OBSERVATION,TZ,31431.0
6178535227,"Panthera leo melanochaita (C.E.H.Smith, 1858)",-3.185789,35.51095,2026,HUMAN_OBSERVATION,TZ,31428.0
6178539693,"Panthera leo (Linnaeus, 1758)",-3.409456,38.383541,2026,HUMAN_OBSERVATION,KE,31422.0
6178646568,"Panthera leo melanochaita (C.E.H.Smith, 1858)",-3.159912,35.527575,2026,HUMAN_OBSERVATION,TZ,31428.0
6178687080,"Panthera leo melanochaita (C.E.H.Smith, 1858)",-2.911088,35.113206,2026,HUMAN_OBSERVATION,TZ,31431.0
6178698690,"Panthera leo melanochaita (C.E.H.Smith, 1858)",-3.104,35.518962,2026,HUMAN_OBSERVATION,TZ,31428.0
6178708029,"Panthera leo melanochaita (C.E.H.Smith, 1858)",-0.076484,36.982258,2026,HUMAN_OBSERVATION,KE,31451.0
6178742242,"Panthera leo (Linnaeus, 1758)",-3.295072,35.457565,2026,HUMAN_OBSERVATION,TZ,31425.0
6178765569,"Panthera leo (Linnaeus, 1758)",-3.295138,35.480255,2026,HUMAN_OBSERVATION,TZ,31425.0
6178812409,"Panthera leo melanochaita (C.E.H.Smith, 1858)",-24.780602,31.752143,2026,HUMAN_OBSERVATION,ZA,30047.0
6178919497,"Panthera leo melanochaita (C.E.H.Smith, 1858)",-3.19715,35.590151,2026,HUMAN_OBSERVATION,TZ,31428.0
6178977946,"Panthera leo (Linnaeus, 1758)",0.499686,37.728694,2026,HUMAN_OBSERVATION,KE,31451.0
6179077994,"Panthera leo melanochaita (C.E.H.Smith, 1858)",-21.165769,16.487602,2026,HUMAN_OBSERVATION,NA,30415.0
6179109788,"Panthera leo melanochaita (C.E.H.Smith, 1858)",-2.821702,35.1109,2026,HUMAN_OBSERVATION,TZ,31431.0
6179266608,"Panthera leo melanochaita (C.E.H.Smith, 1858)",-25.152645,31.537475,2026,HUMAN_OBSERVATION,ZA,30003.0
6179282163,"Panthera leo melanochaita (C.E.H.Smith, 1858)",-3.238295,35.573641,2026,HUMAN_OBSERVATION,TZ,31425.0
6179328737,"Panthera leo melanochaita (C.E.H.Smith, 1858)",-1.521599,35.26243,2026,HUMAN_OBSERVATION,KE,31446.0
6179351016,"Panthera leo melanochaita (C.E.H.Smith, 1858)",-3.395116,35.46803,2026,HUMAN_OBSERVATION,TZ,31425.0
6179382138,"Panthera leo melanochaita (C.E.H.Smith, 1858)",-2.565266,38.936219,2026,HUMAN_OBSERVATION,KE,69668.0
6179395255,"Panthera leo melanochaita (C.E.H.Smith, 1858)",-4.363963,35.837624,2026,HUMAN_OBSERVATION,TZ,62500.0
6179449172,"Panthera leo melanochaita (C.E.H.Smith, 1858)",-2.9406,34.870689,2026,HUMAN_OBSERVATION,TZ,31431.0
6181733898,"Panthera leo (Linnaeus, 1758)",-3.475644,38.168373,2026,HUMAN_OBSERVATION,KE,250.0
6184599001,"Panthera leo (Linnaeus, 1758)",-2.977327,38.831177,2026,HUMAN_OBSERVATION,KE,250.0
6184725266,"Panthera leo (Linnaeus, 1758)",-3.735052,36.131224,2026,HUMAN_OBSERVATION,TZ,31418.0
6184727428,"Panthera leo melanochaita (C.E.H.Smith, 1858)",-3.195062,35.176861,2026,HUMAN_OBSERVATION,TZ,31428.0
6184738274,"Panthera leo melanochaita (C.E.H.Smith, 1858)",-17.941209,25.184723,2026,HUMAN_OBSERVATION,BW,30699.0
6184747118,"Panthera leo melanochaita (C.E.H.Smith, 1858)",-23.906683,31.488639,2026,HUMAN_OBSERVATION,ZA,179311.0
6184752944,"Panthera leo melanochaita (C.E.H.Smith, 1858)",-24.873351,31.483324,2026,HUMAN_OBSERVATION,ZA,30025.0
6184817160,"Panthera leo (Linnaeus, 1758)",-2.515937,34.832117,2026,HUMAN_OBSERVATION,TZ,31436.0
6184840326,"Panthera leo (Linnaeus, 1758)",0.543658,37.487027,2026,HUMAN_OBSERVATION,KE,31451.0
6184967288,"Panthera leo melanochaita (C.E.H.Smith, 1858)",-23.997497,31.460525,2026,HUMAN_OBSERVATION,ZA,179311.0
6185082434,"Panthera leo (Linnaeus, 1758)",-2.851926,35.117234,2026,HUMAN_OBSERVATION,TZ,31431.0
6185093666,"Panthera leo melanochaita (C.E.H.Smith, 1858)",-3.199118,34.521019,2026,HUMAN_OBSERVATION,TZ,32296.0
6185151974,"Panthera leo (Linnaeus, 1758)",-2.621081,35.024798,2026,HUMAN_OBSERVATION,TZ,31434.0
6185270886,"Panthera leo melanochaita (C.E.H.Smith, 1858)",-3.433939,38.378621,2026,HUMAN_OBSERVATION,KE,31422.0
6185275423,"Panthera leo melanochaita (C.E.H.Smith, 1858)",-23.842221,31.587823,2026,HUMAN_OBSERVATION,ZA,179993.0
6185352479,"Panthera leo melanochaita (C.E.H.Smith, 1858)",-3.155331,34.568708,2026,HUMAN_OBSERVATION,TZ,31428.0
6185466210,"Panthera leo melanochaita (C.E.H.Smith, 1858)",-24.990345,31.477746,2026,HUMAN_OBSERVATION,ZA,30025.0
6185529038,"Panthera leo melanochaita (C.E.H.Smith, 1858)",0.546731,37.589133,2026,HUMAN_OBSERVATION,KE,31451.0
6185554538,"Panthera leo melanochaita (C.E.H.Smith, 1858)",-28.134882,32.010707,2026,HUMAN_OBSERVATION,ZA,29656.0
6185755755,"Panthera leo (Linnaeus, 1758)",-2.588591,34.94832,2026,HUMAN_OBSERVATION,TZ,31436.0
6185772688,"Panthera leo (Linnaeus, 1758)",-3.13733,34.407021,2026,HUMAN_OBSERVATION,TZ,36266.0
6185820389,"Panthera leo (Linnaeus, 1758)",-3.939457,36.118302,2026,HUMAN_OBSERVATION,TZ,31415.0
6185840312,"Panthera leo melanochaita (C.E.H.Smith, 1858)",-25.057743,31.427038,2026,HUMAN_OBSERVATION,ZA,30003.0
6185890805,"Panthera leo melanochaita (C.E.H.Smith, 1858)",-3.336343,38.693134,2026,HUMAN_OBSERVATION,KE,31425.0
6186023209,"Panthera leo (Linnaeus, 1758)",-3.803347,36.125317,2026,HUMAN_OBSERVATION,TZ,31415.0
6186081507,"Panthera leo melanochaita (C.E.H.Smith, 1858)",-17.972318,25.730526,2026,HUMAN_OBSERVATION,ZW,30699.0
6187794909,"Panthera leo (Linnaeus, 1758)",-2.977327,38.831177,2026,HUMAN_OBSERVATION,KE,250.0
6187898176,"Panthera leo (Linnaeus, 1758)",-3.272632,38.916238,2026,HUMAN_OBSERVATION,KE,31425.0
6188054338,"Panthera leo melanochaita (C.E.H.Smith, 1858)",-25.463344,31.45358,2026,HUMAN_OBSERVATION,ZA,29958.0
6188095023,"Panthera leo melanochaita (C.E.H.Smith, 1858)",-25.448114,31.459826,2026,HUMAN_OBSERVATION,ZA,29958.0
6188146429,"Panthera leo (Linnaeus, 1758)",-3.459911,38.612819,2026,HUMAN_OBSERVATION,KE,31422.0
6188202920,"Panthera leo melanochaita (C.E.H.Smith, 1858)",-3.490256,38.972574,2026,HUMAN_OBSERVATION,KE,31422.0
6188254602,"Panthera leo melanochaita (C.E.H.Smith, 1858)",-3.423205,38.68706,2026,HUMAN_OBSERVATION,KE,31422.0
6188284083,"Panthera leo melanochaita (C.E.H.Smith, 1858)",-25.530277,31.47071,2026,HUMAN_OBSERVATION,ZA,29958.0
6188590800,"Panthera leo (Linnaeus, 1758)",-3.244135,38.952823,2026,HUMAN_OBSERVATION,KE,31425.0
6195318315,"Panthera leo melanochaita (C.E.H.Smith, 1858)",-24.778769,31.897499,2026,HUMAN_OBSERVATION,ZA,50000.0
6195799446,"Panthera leo melanochaita (C.E.H.Smith, 1858)",-24.975604,31.673884,2026,HUMAN_OBSERVATION,ZA,30025.0
6234564415,"Panthera leo (Linnaeus, 1758)",-2.882694,34.938942,2026,HUMAN_OBSERVATION,TZ,31431.0
6236263486,"Panthera leo melanochaita (C.E.H.Smith, 1858)",-1.328193,35.012261,2026,HUMAN_OBSERVATION,KE,31447.0
6236267943,"Panthera leo (Linnaeus, 1758)",-1.207312,36.831018,2026,HUMAN_OBSERVATION,KE,31447.0
6251522521,"Panthera leo melanochaita (C.E.H.Smith, 1858)",-23.850736,31.518218,2026,HUMAN_OBSERVATION,ZA,179993.0
6252246037,"Panthera leo melanochaita (C.E.H.Smith, 1858)",-23.825177,31.477103,2026,HUMAN_OBSERVATION,ZA,179993.0
6273976950,"Panthera leo melanochaita (C.E.H.Smith, 1858)",0.507332,37.496857,2026,HUMAN_OBSERVATION,KE,31451.0
6320884319,"Panthera leo melanochaita (C.E.H.Smith, 1858)",0.703666,37.594059,2026,HUMAN_OBSERVATION,KE,31450.0
6334909503,"Panthera leo melanochaita (C.E.H.Smith, 1858)",-3.140876,35.591774,2026,HUMAN_OBSERVATION,TZ,31428.0
6352285733,"Panthera leo melanochaita (C.E.H.Smith, 1858)",0.723912,37.435677,2026,HUMAN_OBSERVATION,KE,31450.0
6171032184,"Panthera leo melanochaita (C.E.H.Smith, 1858)",-3.171216,35.184997,2026,HUMAN_OBSERVATION,TZ,69762.0
6171138636,"Panthera leo (Linnaeus, 1758)",-1.485324,35.308166,2026,HUMAN_OBSERVATION,KE,31446.0
6178314536,"Panthera leo melanochaita (C.E.H.Smith, 1858)",0.030664,36.970553,2026,HUMAN_OBSERVATION,KE,31451.0
6178330410,"Panthera leo (Linnaeus, 1758)",-3.154996,35.565234,2026,HUMAN_OBSERVATION,TZ,31428.0
6178388152,"Panthera leo melanochaita (C.E.H.Smith, 1858)",-24.17039,30.696636,2026,HUMAN_OBSERVATION,ZA,30112.0
6178392975,"Panthera leo (Linnaeus, 1758)",-1.35281,36.910526,2026,HUMAN_OBSERVATION,KE,31447.0
6178462202,"Panthera leo melanochaita (C.E.H.Smith, 1858)",-28.263022,31.842461,2026,HUMAN_OBSERVATION,ZA,29631.0
6178508632,"Panthera leo (Linnaeus, 1758)",-1.328834,36.801027,2026,HUMAN_OBSERVATION,KE,31447.0
6178545535,"Panthera leo melanochaita (C.E.H.Smith, 1858)",-1.299296,36.935589,2026,HUMAN_OBSERVATION,KE,31447.0
6178564194,"Panthera leo melanochaita (C.E.H.Smith, 1858)",-0.563533,36.111935,2026,HUMAN_OBSERVATION,KE,31451.0
6178648283,"Panthera leo melanochaita (C.E.H.Smith, 1858)",-17.882615,25.153818,2026,HUMAN_OBSERVATION,BW,30699.0
6178721648,"Panthera leo melanochaita (C.E.H.Smith, 1858)",-21.436991,33.554137,2026,HUMAN_OBSERVATION,MZ,30377.0
6178732981,"Panthera leo melanochaita (C.E.H.Smith, 1858)",-22.03111,29.204722,2026,HUMAN_OBSERVATION,BW,30318.0
6178781716,"Panthera leo melanochaita (C.E.H.Smith, 1858)",-1.765881,35.335947,2026,HUMAN_OBSERVATION,KE,31444.0
6178813439,"Panthera leo (Linnaeus, 1758)",-1.26677,36.862594,2026,HUMAN_OBSERVATION,KE,31447.0
6178869194,"Panthera leo melanochaita (C.E.H.Smith, 1858)",-34.047525,21.664019,2026,HUMAN_OBSERVATION,ZA,28874.0
6178880392,"Panthera leo melanochaita (C.E.H.Smith, 1858)",-25.043384,31.459723,2026,HUMAN_OBSERVATION,ZA,30003.0
6178913450,"Panthera leo leo (Linnaeus, 1758)",10.960481,19.933409,2026,HUMAN_OBSERVATION,TD,31169.0
6178998546,"Panthera leo melanochaita (C.E.H.Smith, 1858)",-24.949124,31.493528,2026,HUMAN_OBSERVATION,ZA,30025.0
6179004706,"Panthera leo (Linnaeus, 1758)",-1.267153,36.93056,2026,HUMAN_OBSERVATION,KE,31447.0
6179071305,"Panthera leo melanochaita (C.E.H.Smith, 1858)",-22.021628,29.23879,2026,HUMAN_OBSERVATION,BW,30318.0
6179075824,"Panthera leo melanochaita (C.E.H.Smith, 1858)",-0.591969,36.113123,2026,HUMAN_OBSERVATION,KE,31451.0
6179124122,"Panthera leo leo (Linnaeus, 1758)",10.963406,19.942318,2026,HUMAN_OBSERVATION,TD,31169.0
6179164466,"Panthera leo leo (Linnaeus, 1758)",21.150258,70.894474,2026,HUMAN_OBSERVATION,IN,30415.0
6179167308,"Panthera leo melanochaita (C.E.H.Smith, 1858)",-24.66608,31.933938,2026,HUMAN_OBSERVATION,ZA,30047.0
6179271706,"Panthera leo melanochaita (C.E.H.Smith, 1858)",-18.790579,27.061297,2026,HUMAN_OBSERVATION,ZW,30632.0
6179282188,"Panthera leo melanochaita (C.E.H.Smith, 1858)",0.167329,36.810077,2026,HUMAN_OBSERVATION,KE,31451.0
6179288292,"Panthera leo melanochaita (C.E.H.Smith, 1858)",-27.77272,32.213859,2026,HUMAN_OBSERVATION,ZA,29704.0
6179289222,"Panthera leo melanochaita (C.E.H.Smith, 1858)",-25.494295,31.433706,2026,HUMAN_OBSERVATION,ZA,29958.0
6179309785,"Panthera leo melanochaita (C.E.H.Smith, 1858)",-24.273606,31.258866,2026,HUMAN_OBSERVATION,ZA,30090.0
6179548367,"Panthera leo (Linnaeus, 1758)",-1.280389,36.903038,2026,HUMAN_OBSERVATION,KE,31447.0
6179573408,"Panthera leo leo (Linnaeus, 1758)",10.961691,19.859771,2026,HUMAN_OBSERVATION,TD,31169.0
6184727831,"Panthera leo melanochaita (C.E.H.Smith, 1858)",-0.467076,36.170603,2026,HUMAN_OBSERVATION,KE,31451.0
6184805488,"Panthera leo melanochaita (C.E.H.Smith, 1858)",-33.590124,25.673383,2026,HUMAN_OBSERVATION,ZA,28957.0
6184814457,"Panthera leo melanochaita (C.E.H.Smith, 1858)",-25.313356,31.428982,2026,HUMAN_OBSERVATION,ZA,29981.0
6184883319,"Panthera leo melanochaita (C.E.H.Smith, 1858)",-1.454912,35.176109,2026,HUMAN_OBSERVATION,KE,31446.0
6184886602,"Panthera leo melanochaita (C.E.H.Smith, 1858)",-17.901715,25.115697,2026,HUMAN_OBSERVATION,BW,30699.0
6184890301,"Panthera leo melanochaita (C.E.H.Smith, 1858)",-17.911204,25.103413,2026,HUMAN_OBSERVATION,BW,30699.0
6184898227,"Panthera leo melanochaita (C.E.H.Smith, 1858)",-1.396694,35.021467,2026,HUMAN_OBSERVATION,KE,31447.0
6185054600,"Panthera leo (Linnaeus, 1758)",-1.36686,34.939986,2026,HUMAN_OBSERVATION,KE,31447.0
6185077775,"Panthera leo melanochaita (C.E.H.Smith, 1858)",-1.534539,35.031997,2026,HUMAN_OBSERVATION,KE,31446.0
6185098475,"Panthera leo (Linnaeus, 1758)",-1.243507,36.930111,2026,HUMAN_OBSERVATION,KE,31447.0
6185219029,"Panthera leo (Linnaeus, 1758)",-1.252262,36.998583,2026,HUMAN_OBSERVATION,KE,31447.0
6185298759,"Panthera leo melanochaita (C.E.H.Smith, 1858)",-1.497082,34.975239,2026,HUMAN_OBSERVATION,KE,31446.0
6185330699,"Panthera leo melanochaita (C.E.H.Smith, 1858)",-26.300558,20.882114,2026,HUMAN_OBSERVATION,ZA,29868.0
6185331222,"Panthera leo (Linnaeus, 1758)",-1.507034,36.919407,2026,HUMAN_OBSERVATION,KE,31446.0
6185332564,"Panthera leo melanochaita (C.E.H.Smith, 1858)",-24.600503,27.840256,2026,HUMAN_OBSERVATION,ZA,30047.0
6185351119,"Panthera leo melanochaita (C.E.H.Smith, 1858)",-25.353953,20.44898,2026,HUMAN_OBSERVATION,BW,29981.0
6185365222,"Panthera leo (Linnaeus, 1758)",-0.505712,36.018872,2026,HUMAN_OBSERVATION,KE,31451.0
6185365226,"Panthera leo melanochaita (C.E.H.Smith, 1858)",-1.240342,36.987877,2026,HUMAN_OBSERVATION,KE,31447.0
6185377116,"Panthera leo melanochaita (C.E.H.Smith, 1858)",-34.050078,21.835506,2026,HUMAN_OBSERVATION,ZA,28874.0
6185378488,"Panthera leo melanochaita (C.E.H.Smith, 1858)",-0.489714,36.036679,2026,HUMAN_OBSERVATION,KE,31451.0
6185434862,"Panthera leo (Linnaeus, 1758)",-2.720522,38.889626,2026,HUMAN_OBSERVATION,KE,44498.0
6185497288,"Panthera leo melanochaita (C.E.H.Smith, 1858)",-21.432843,23.305477,2026,HUMAN_OBSERVATION,BW,30377.0
6185523431,"Panthera leo melanochaita (C.E.H.Smith, 1858)",-17.809937,25.036804,2026,HUMAN_OBSERVATION,BW,30699.0
6185550352,"Panthera leo melanochaita (C.E.H.Smith, 1858)",-33.552003,25.851118,2026,HUMAN_OBSERVATION,ZA,28957.0
6185650010,"Panthera leo (Linnaeus, 1758)",-1.446435,35.173865,2026,HUMAN_OBSERVATION,KE,31446.0
6185657438,"Panthera leo (Linnaeus, 1758)",-1.527901,35.175685,2026,HUMAN_OBSERVATION,KE,31446.0
6185671201,"Panthera leo melanochaita (C.E.H.Smith, 1858)",-1.332782,36.808175,2026,HUMAN_OBSERVATION,KE,31447.0
6185671456,"Panthera leo (Linnaeus, 1758)",-1.497489,35.177976,2026,HUMAN_OBSERVATION,KE,31446.0
6185807230,"Panthera leo melanochaita (C.E.H.Smith, 1858)",-34.052549,21.998568,2026,HUMAN_OBSERVATION,ZA,28874.0
6185807321,"Panthera leo melanochaita (C.E.H.Smith, 1858)",-28.191206,32.077413,2026,HUMAN_OBSERVATION,ZA,29656.0
6185833765,"Panthera leo melanochaita (C.E.H.Smith, 1858)",-17.917033,25.159465,2026,HUMAN_OBSERVATION,BW,30699.0
6185843685,"Panthera leo melanochaita (C.E.H.Smith, 1858)",-28.05528,32.104376,2026,HUMAN_OBSERVATION,ZA,29656.0
6185911515,"Panthera leo melanochaita (C.E.H.Smith, 1858)",-2.663252,38.896531,2026,HUMAN_OBSERVATION,KE,44498.0
6185914936,"Panthera leo melanochaita (C.E.H.Smith, 1858)",-17.906891,25.016537,2026,HUMAN_OBSERVATION,BW,30699.0
6185915625,"Panthera leo melanochaita (C.E.H.Smith, 1858)",-17.802521,25.191489,2026,HUMAN_OBSERVATION,BW,30699.0
6185915965,"Panthera leo melanochaita (C.E.H.Smith, 1858)",-34.040736,21.882761,2026,HUMAN_OBSERVATION,ZA,28874.0
6185927828,"Panthera leo melanochaita (C.E.H.Smith, 1858)",-33.589047,25.651221,2026,HUMAN_OBSERVATION,ZA,28957.0
6185974592,"Panthera leo (Linnaeus, 1758)",-1.494071,34.938561,2026,HUMAN_OBSERVATION,KE,31446.0
6185989944,"Panthera leo melanochaita (C.E.H.Smith, 1858)",-17.860177,24.717422,2026,HUMAN_OBSERVATION,BW,30699.0
6186018378,"Panthera leo (Linnaeus, 1758)",-1.559642,35.039491,2026,HUMAN_OBSERVATION,KE,31446.0
6186039514,"Panthera leo melanochaita (C.E.H.Smith, 1858)",-17.94018,25.151066,2026,HUMAN_OBSERVATION,BW,30699.0
6186079392,"Panthera leo melanochaita (C.E.H.Smith, 1858)",-25.348838,20.51167,2026,HUMAN_OBSERVATION,BW,29981.0
6186091179,"Panthera leo melanochaita (C.E.H.Smith, 1858)",-18.99763,27.0523,2026,HUMAN_OBSERVATION,ZW,30615.0
6186123672,"Panthera leo melanochaita (C.E.H.Smith, 1858)",-0.324552,36.002385,2026,HUMAN_OBSERVATION,KE,31451.0
6188054193,"Panthera leo (Linnaeus, 1758)",-0.016054,30.087245,2026,HUMAN_OBSERVATION,UG,31451.0
6188134484,"Panthera leo melanochaita (C.E.H.Smith, 1858)",-28.192806,32.193555,2026,HUMAN_OBSERVATION,ZA,29656.0
6188156772,"Panthera leo leo (Linnaeus, 1758)",21.186866,70.496275,2026,HUMAN_OBSERVATION,IN,30415.0
6188168899,"Panthera leo melanochaita (C.E.H.Smith, 1858)",-2.841522,35.06631,2026,HUMAN_OBSERVATION,TZ,31431.0
6188190983,"Panthera leo (Linnaeus, 1758)",-2.695579,37.34182,2026,HUMAN_OBSERVATION,KE,31434.0
6188192963,"Panthera leo melanochaita (C.E.H.Smith, 1858)",0.424629,37.662758,2026,HUMAN_OBSERVATION,KE,31451.0
6188215208,"Panthera leo melanochaita (C.E.H.Smith, 1858)",-18.523565,24.197214,2026,HUMAN_OBSERVATION,BW,30649.0
6188236149,"Panthera leo melanochaita (C.E.H.Smith, 1858)",-2.832912,35.123599,2026,HUMAN_OBSERVATION,TZ,31431.0
6188330020,"Panthera leo melanochaita (C.E.H.Smith, 1858)",-2.927632,35.078271,2026,HUMAN_OBSERVATION,TZ,31431.0
6188331050,"Panthera leo (Linnaeus, 1758)",-0.17657,30.133019,2026,HUMAN_OBSERVATION,UG,31451.0
6188490903,"Panthera leo (Linnaeus, 1758)",-3.212563,35.414707,2026,HUMAN_OBSERVATION,TZ,31425.0
6188563763,"Panthera leo melanochaita (C.E.H.Smith, 1858)",-3.372227,38.725634,2026,HUMAN_OBSERVATION,KE,31425.0
6188574047,"Panthera leo melanochaita (C.E.H.Smith, 1858)",-2.657233,34.987029,2026,HUMAN_OBSERVATION,TZ,31434.0
6188653350,"Panthera leo (Linnaeus, 1758)",0.373739,36.953182,2026,HUMAN_OBSERVATION,KE,31451.0
6188660741,"Panthera leo (Linnaeus, 1758)",-0.118111,30.070806,2026,HUMAN_OBSERVATION,UG,31451.0
6195249211,"Panthera leo melanochaita (C.E.H.Smith, 1858)",-1.445272,35.322854,2026,HUMAN_OBSERVATION,KE,31446.0
6195277087,"Panthera leo melanochaita (C.E.H.Smith, 1858)",-1.548744,35.319505,2026,HUMAN_OBSERVATION,KE,31446.0
6195351081,"Panthera leo melanochaita (C.E.H.Smith, 1858)",-3.061672,35.439227,2026,HUMAN_OBSERVATION,TZ,31428.0
6195375522,"Panthera leo melanochaita (C.E.H.Smith, 1858)",-3.231452,35.408575,2026,HUMAN_OBSERVATION,TZ,31425.0
6195389636,"Panthera leo melanochaita (C.E.H.Smith, 1858)",-0.523585,36.19812,2026,HUMAN_OBSERVATION,KE,31451.0
6195394570,"Panthera leo melanochaita (C.E.H.Smith, 1858)",-2.361708,34.550766,2026,HUMAN_OBSERVATION,TZ,32044.0
6195421834,"Panthera leo (Linnaeus, 1758)",-1.488247,35.346947,2026,HUMAN_OBSERVATION,KE,31446.0
6195458215,"Panthera leo melanochaita (C.E.H.Smith, 1858)",-1.455821,35.350112,2026,HUMAN_OBSERVATION,KE,31446.0
6195518981,"Panthera leo melanochaita (C.E.H.Smith, 1858)",-1.688657,35.361374,2026,HUMAN_OBSERVATION,KE,31444.0
6195527581,"Panthera leo melanochaita (C.E.H.Smith, 1858)",-24.241915,31.653731,2026,HUMAN_OBSERVATION,ZA,30090.0
6195545462,"Panthera leo melanochaita (C.E.H.Smith, 1858)",-2.626689,34.925257,2026,HUMAN_OBSERVATION,TZ,31434.0
6195564803,"Panthera leo melanochaita (C.E.H.Smith, 1858)",-2.764894,34.864228,2026,HUMAN_OBSERVATION,TZ,31434.0
6195596698,"Panthera leo melanochaita (C.E.H.Smith, 1858)",-2.917711,35.182738,2026,HUMAN_OBSERVATION,TZ,31431.0
6195615276,"Panthera leo melanochaita (C.E.H.Smith, 1858)",-1.687339,35.236286,2026,HUMAN_OBSERVATION,KE,31444.0
6195651493,"Panthera leo (Linnaeus, 1758)",-1.453691,35.399121,2026,HUMAN_OBSERVATION,KE,31446.0
6195765849,"Panthera leo melanochaita (C.E.H.Smith, 1858)",-2.220506,34.527044,2026,HUMAN_OBSERVATION,TZ,33732.0
6195773140,"Panthera leo melanochaita (C.E.H.Smith, 1858)",-2.950096,35.057543,2026,HUMAN_OBSERVATION,TZ,31431.0
6195786460,"Panthera leo melanochaita (C.E.H.Smith, 1858)",-13.112924,31.782215,2026,HUMAN_OBSERVATION,ZM,31045.0
6195791196,"Panthera leo melanochaita (C.E.H.Smith, 1858)",-0.49474,36.185191,2026,HUMAN_OBSERVATION,KE,31451.0
6195828052,"Panthera leo melanochaita (C.E.H.Smith, 1858)",-24.037901,31.741742,2026,HUMAN_OBSERVATION,ZA,30112.0
6195837705,"Panthera leo melanochaita (C.E.H.Smith, 1858)",-0.522996,36.019462,2026,HUMAN_OBSERVATION,KE,31451.0
6234173168,"Panthera leo melanochaita (C.E.H.Smith, 1858)",-1.40905,35.322967,2026,HUMAN_OBSERVATION,KE,31446.0
6234270090,"Panthera leo melanochaita (C.E.H.Smith, 1858)",-1.402591,35.349247,2026,HUMAN_OBSERVATION,KE,31446.0
6234308599,"Panthera leo melanochaita (C.E.H.Smith, 1858)",-24.801526,31.835067,2026,HUMAN_OBSERVATION,ZA,30025.0
6234313582,"Panthera leo melanochaita (C.E.H.Smith, 1858)",-1.406664,35.069418,2026,HUMAN_OBSERVATION,KE,31446.0
6234567331,"Panthera leo melanochaita (C.E.H.Smith, 1858)",-1.43568,35.105111,2026,HUMAN_OBSERVATION,KE,31446.0
6234669337,"Panthera leo melanochaita (C.E.H.Smith, 1858)",-25.382614,31.957036,2026,HUMAN_OBSERVATION,ZA,29981.0
6234709079,"Panthera leo melanochaita (C.E.H.Smith, 1858)",-18.593444,23.510115,2026,HUMAN_OBSERVATION,BW,30649.0
6234917731,"Panthera leo melanochaita (C.E.H.Smith, 1858)",-25.081578,31.92021,2026,HUMAN_OBSERVATION,ZA,52362.0
6235020932,"Panthera leo melanochaita (C.E.H.Smith, 1858)",-0.429141,36.087289,2026,HUMAN_OBSERVATION,KE,31451.0
6235156102,"Panthera leo melanochaita (C.E.H.Smith, 1858)",-1.590536,35.388945,2026,HUMAN_OBSERVATION,KE,31446.0
6235245830,"Panthera leo melanochaita (C.E.H.Smith, 1858)",-25.290313,27.063646,2026,HUMAN_OBSERVATION,ZA,29981.0
6235252830,"Panthera leo melanochaita (C.E.H.Smith, 1858)",-1.546668,35.144254,2026,HUMAN_OBSERVATION,KE,31446.0
6235357751,"Panthera leo (Linnaeus, 1758)",-20.808188,34.321892,2026,HUMAN_OBSERVATION,MZ,30434.0
6235417012,"Panthera leo melanochaita (C.E.H.Smith, 1858)",-1.575121,35.147895,2026,HUMAN_OBSERVATION,KE,31446.0
6235445619,"Panthera leo melanochaita (C.E.H.Smith, 1858)",-25.045518,31.82151,2026,HUMAN_OBSERVATION,ZA,30003.0
6235474573,"Panthera leo melanochaita (C.E.H.Smith, 1858)",-18.501638,23.523093,2026,HUMAN_OBSERVATION,BW,30649.0
6235744483,"Panthera leo melanochaita (C.E.H.Smith, 1858)",-24.240223,31.471047,2026,HUMAN_OBSERVATION,ZA,30090.0
6235749692,"Panthera leo melanochaita (C.E.H.Smith, 1858)",-1.483087,35.050447,2026,HUMAN_OBSERVATION,KE,31446.0
6235750575,"Panthera leo melanochaita (C.E.H.Smith, 1858)",-25.180817,31.83087,2026,HUMAN_OBSERVATION,ZA,30003.0
6235800557,"Panthera leo melanochaita (C.E.H.Smith, 1858)",-1.502963,35.341189,2026,HUMAN_OBSERVATION,KE,31446.0
6235837668,"Panthera leo melanochaita (C.E.H.Smith, 1858)",-1.568298,35.364153,2026,HUMAN_OBSERVATION,KE,31446.0
6252531281,"Panthera leo melanochaita (C.E.H.Smith, 1858)",-24.266021,31.961498,2026,HUMAN_OBSERVATION,ZA,30090.0
6273186494,"Panthera leo melanochaita (C.E.H.Smith, 1858)",-28.377741,31.932526,2026,HUMAN_OBSERVATION,ZA,29631.0
6273257777,"Panthera leo (Linnaeus, 1758)",0.416965,37.57331,2026,HUMAN_OBSERVATION,KE,31451.0
6273346915,"Panthera leo melanochaita (C.E.H.Smith, 1858)",-19.523341,23.128754,2026,HUMAN_OBSERVATION,BW,30562.0
6273496518,"Panthera leo (Linnaeus, 1758)",-28.264424,31.844242,2026,HUMAN_OBSERVATION,ZA,29631.0
6273705474,"Panthera leo (Linnaeus, 1758)",0.5917,37.42185,2026,HUMAN_OBSERVATION,KE,31451.0
6274327010,"Panthera leo melanochaita (C.E.H.Smith, 1858)",-17.925042,24.99878,2026,HUMAN_OBSERVATION,BW,30699.0
6320514399,"Panthera leo (Linnaeus, 1758)",-28.250631,31.871563,2026,HUMAN_OBSERVATION,ZA,29631.0
6333984729,"Panthera leo melanochaita (C.E.H.Smith, 1858)",-3.495298,38.911721,2026,HUMAN_OBSERVATION,KE,31422.0
6334384588,"Panthera leo (Linnaeus, 1758)",0.520461,37.508465,2026,HUMAN_OBSERVATION,KE,31451.0
6334903726,"Panthera leo melanochaita (C.E.H.Smith, 1858)",-23.928261,31.557423,2026,HUMAN_OBSERVATION,ZA,179993.0
6187904101,"Panthera leo melanochaita (C.E.H.Smith, 1858)",-19.012496,27.493787,2026,HUMAN_OBSERVATION,ZW,30598.0
6188061657,"Panthera leo melanochaita (C.E.H.Smith, 1858)",-24.255417,31.916469,2026,HUMAN_OBSERVATION,ZA,30090.0
6188187480,"Panthera leo melanochaita (C.E.H.Smith, 1858)",-18.491199,24.046004,2026,HUMAN_OBSERVATION,BW,30649.0
6188320889,"Panthera leo melanochaita (C.E.H.Smith, 1858)",-18.462024,24.14768,2026,HUMAN_OBSERVATION,BW,30649.0
6188340393,"Panthera leo melanochaita (C.E.H.Smith, 1858)",-25.104443,31.691593,2026,HUMAN_OBSERVATION,ZA,30003.0
6188408933,"Panthera leo melanochaita (C.E.H.Smith, 1858)",-18.981694,16.657383,2026,HUMAN_OBSERVATION,NA,30615.0
6188437444,"Panthera leo melanochaita (C.E.H.Smith, 1858)",-2.930489,34.919535,2026,HUMAN_OBSERVATION,TZ,31431.0
6188475826,"Panthera leo (Linnaeus, 1758)",-1.44422,35.158609,2026,HUMAN_OBSERVATION,KE,31446.0
6195250499,"Panthera leo melanochaita (C.E.H.Smith, 1858)",-21.620493,23.183767,2026,HUMAN_OBSERVATION,BW,30357.0
6195304772,"Panthera leo melanochaita (C.E.H.Smith, 1858)",-21.781428,23.228197,2026,HUMAN_OBSERVATION,BW,30357.0
6195351731,"Panthera leo melanochaita (C.E.H.Smith, 1858)",-2.34691,34.759742,2026,HUMAN_OBSERVATION,TZ,31438.0
6195400522,"Panthera leo melanochaita (C.E.H.Smith, 1858)",-27.97768,32.135217,2026,HUMAN_OBSERVATION,ZA,29680.0
6195402192,"Panthera leo melanochaita (C.E.H.Smith, 1858)",0.193308,36.853761,2026,HUMAN_OBSERVATION,KE,31451.0
6195423284,"Panthera leo melanochaita (C.E.H.Smith, 1858)",-23.992573,31.589101,2026,HUMAN_OBSERVATION,ZA,194535.0
6195437757,"Panthera leo melanochaita (C.E.H.Smith, 1858)",-21.397905,23.606736,2026,HUMAN_OBSERVATION,BW,30396.0
6195457379,"Panthera leo melanochaita (C.E.H.Smith, 1858)",-21.760604,23.270237,2026,HUMAN_OBSERVATION,BW,30357.0
6195475699,"Panthera leo melanochaita (C.E.H.Smith, 1858)",-24.123907,31.376162,2026,HUMAN_OBSERVATION,ZA,30112.0
6195523069,"Panthera leo melanochaita (C.E.H.Smith, 1858)",-21.642425,23.261376,2026,HUMAN_OBSERVATION,BW,30357.0
6195594677,"Panthera leo melanochaita (C.E.H.Smith, 1858)",-3.632214,35.986193,2026,HUMAN_OBSERVATION,TZ,31418.0
6195612603,"Panthera leo melanochaita (C.E.H.Smith, 1858)",-27.827845,32.044829,2026,HUMAN_OBSERVATION,ZA,29680.0
6195634595,"Panthera leo melanochaita (C.E.H.Smith, 1858)",-24.286473,31.783353,2026,HUMAN_OBSERVATION,ZA,30090.0
6195686296,"Panthera leo melanochaita (C.E.H.Smith, 1858)",-27.829266,32.146628,2026,HUMAN_OBSERVATION,ZA,29680.0
6195687303,"Panthera leo melanochaita (C.E.H.Smith, 1858)",-27.855504,32.115833,2026,HUMAN_OBSERVATION,ZA,29680.0
6195712904,"Panthera leo melanochaita (C.E.H.Smith, 1858)",-1.326569,36.831336,2026,HUMAN_OBSERVATION,KE,31447.0
6195742741,"Panthera leo melanochaita (C.E.H.Smith, 1858)",-33.414691,25.607842,2026,HUMAN_OBSERVATION,ZA,28957.0
6195746782,"Panthera leo melanochaita (C.E.H.Smith, 1858)",-1.560981,35.19511,2026,HUMAN_OBSERVATION,KE,31446.0
6195753347,"Panthera leo melanochaita (C.E.H.Smith, 1858)",-25.257396,26.891921,2026,HUMAN_OBSERVATION,ZA,29981.0
6195758836,"Panthera leo melanochaita (C.E.H.Smith, 1858)",-23.800284,31.589786,2026,HUMAN_OBSERVATION,ZA,30133.0
6195763050,"Panthera leo melanochaita (C.E.H.Smith, 1858)",-27.842829,32.059316,2026,HUMAN_OBSERVATION,ZA,29680.0
6195846192,"Panthera leo melanochaita (C.E.H.Smith, 1858)",-18.404338,24.236682,2026,HUMAN_OBSERVATION,BW,106600.0
6195957241,"Panthera leo melanochaita (C.E.H.Smith, 1858)",-24.12399,31.606528,2026,HUMAN_OBSERVATION,ZA,30112.0
6195969612,"Panthera leo leo (Linnaeus, 1758)",2.378784,31.684123,2026,HUMAN_OBSERVATION,UG,71531.0
6196005132,"Panthera leo melanochaita (C.E.H.Smith, 1858)",-24.705805,27.914651,2026,HUMAN_OBSERVATION,ZA,30047.0
6234202932,"Panthera leo melanochaita (C.E.H.Smith, 1858)",-24.148675,31.511268,2026,HUMAN_OBSERVATION,ZA,192037.0
6234299344,"Panthera leo melanochaita (C.E.H.Smith, 1858)",-25.804553,20.904465,2026,HUMAN_OBSERVATION,ZA,29913.0
6234328538,"Panthera leo melanochaita (C.E.H.Smith, 1858)",-24.967955,31.633807,2026,HUMAN_OBSERVATION,ZA,30025.0
6234368012,"Panthera leo melanochaita (C.E.H.Smith, 1858)",-19.834296,24.744882,2026,HUMAN_OBSERVATION,BW,30527.0
6234468128,"Panthera leo melanochaita (C.E.H.Smith, 1858)",-28.070249,32.071881,2026,HUMAN_OBSERVATION,ZA,29656.0
6234477392,"Panthera leo melanochaita (C.E.H.Smith, 1858)",-23.86938,29.507843,2026,HUMAN_OBSERVATION,ZA,30133.0
6234506316,"Panthera leo melanochaita (C.E.H.Smith, 1858)",-33.652214,25.905539,2026,HUMAN_OBSERVATION,ZA,28930.0
6234525957,"Panthera leo leo (Linnaeus, 1758)",6.251385,23.626813,2026,HUMAN_OBSERVATION,CF,31356.0
6234669758,"Panthera leo melanochaita (C.E.H.Smith, 1858)",-24.364708,31.329028,2026,HUMAN_OBSERVATION,ZA,30090.0
6234743698,"Panthera leo melanochaita (C.E.H.Smith, 1858)",-24.9122,31.78586,2026,HUMAN_OBSERVATION,ZA,30025.0
6234799544,"Panthera leo melanochaita (C.E.H.Smith, 1858)",-25.128198,26.852107,2026,HUMAN_OBSERVATION,ZA,44802.0
6234844414,"Panthera leo melanochaita (C.E.H.Smith, 1858)",-2.940114,35.540329,2026,HUMAN_OBSERVATION,TZ,52431.0
6234888973,"Panthera leo melanochaita (C.E.H.Smith, 1858)",-33.866888,25.537312,2026,HUMAN_OBSERVATION,ZA,28902.0
6235079859,"Panthera leo melanochaita (C.E.H.Smith, 1858)",-1.565842,35.021452,2026,HUMAN_OBSERVATION,KE,31446.0
6235150873,"Panthera leo melanochaita (C.E.H.Smith, 1858)",-18.429864,24.138271,2026,HUMAN_OBSERVATION,BW,30649.0
6235195762,"Panthera leo melanochaita (C.E.H.Smith, 1858)",-19.193989,23.10813,2026,HUMAN_OBSERVATION,BW,30598.0
6235199984,"Panthera leo melanochaita (C.E.H.Smith, 1858)",-19.435928,22.97646,2026,HUMAN_OBSERVATION,BW,30562.0
6235283283,"Panthera leo melanochaita (C.E.H.Smith, 1858)",-1.463188,35.051675,2026,HUMAN_OBSERVATION,KE,31446.0
6235320122,"Panthera leo (Linnaeus, 1758)",-15.802837,28.899027,2026,HUMAN_OBSERVATION,ZW,30855.0
6235321772,"Panthera leo melanochaita (C.E.H.Smith, 1858)",-27.799581,32.18905,2026,HUMAN_OBSERVATION,ZA,29704.0
6235329052,"Panthera leo melanochaita (C.E.H.Smith, 1858)",-18.492574,24.063558,2026,HUMAN_OBSERVATION,BW,30649.0
6235389762,"Panthera leo melanochaita (C.E.H.Smith, 1858)",-1.359408,35.180026,2026,HUMAN_OBSERVATION,KE,31447.0
6235402447,"Panthera leo (Linnaeus, 1758)",-17.827002,24.957227,2026,HUMAN_OBSERVATION,BW,30699.0
6235448002,"Panthera leo (Linnaeus, 1758)",-19.466381,22.851427,2026,HUMAN_OBSERVATION,BW,30562.0
6235469842,"Panthera leo melanochaita (C.E.H.Smith, 1858)",-24.033647,31.60519,2026,HUMAN_OBSERVATION,ZA,30112.0
6235547660,"Panthera leo leo (Linnaeus, 1758)",13.178637,-13.281151,2026,HUMAN_OBSERVATION,SN,31045.0
6235597055,"Panthera leo melanochaita (C.E.H.Smith, 1858)",-24.27858,31.316268,2026,HUMAN_OBSERVATION,ZA,30090.0
6235630339,"Panthera leo melanochaita (C.E.H.Smith, 1858)",-1.504101,35.037674,2026,HUMAN_OBSERVATION,KE,31446.0
6235811953,"Panthera leo melanochaita (C.E.H.Smith, 1858)",-20.88644,23.756316,2026,HUMAN_OBSERVATION,BW,30434.0
6235814519,"Panthera leo melanochaita (C.E.H.Smith, 1858)",-25.159607,31.45433,2026,HUMAN_OBSERVATION,ZA,30003.0
6235816184,"Panthera leo melanochaita (C.E.H.Smith, 1858)",-19.462677,22.85865,2026,HUMAN_OBSERVATION,BW,30562.0
6235915554,"Panthera leo (Linnaeus, 1758)",-1.338152,36.71815,2026,HUMAN_OBSERVATION,KE,31447.0
6235919365,"Panthera leo melanochaita (C.E.H.Smith, 1858)",-24.966867,31.655049,2026,HUMAN_OBSERVATION,ZA,103232.0
6236065784,"Panthera leo (Linnaeus, 1758)",-1.316616,36.666481,2026,HUMAN_OBSERVATION,KE,31447.0
6236104349,"Panthera leo melanochaita (C.E.H.Smith, 1858)",-20.834337,23.499554,2026,HUMAN_OBSERVATION,BW,30434.0
6236129937,"Panthera leo melanochaita (C.E.H.Smith, 1858)",-24.571554,31.340852,2026,HUMAN_OBSERVATION,ZA,30069.0
6236153291,"Panthera leo melanochaita (C.E.H.Smith, 1858)",-19.973714,24.750141,2026,HUMAN_OBSERVATION,BW,30527.0
6236214052,"Panthera leo melanochaita (C.E.H.Smith, 1858)",-24.55859,31.538928,2026,HUMAN_OBSERVATION,ZA,30069.0
6236223369,"Panthera leo melanochaita (C.E.H.Smith, 1858)",-33.283686,19.894215,2026,HUMAN_OBSERVATION,ZA,28984.0
6236267168,"Panthera leo melanochaita (C.E.H.Smith, 1858)",-25.183714,31.594942,2026,HUMAN_OBSERVATION,ZA,30003.0
